<?xml version="1.0" encoding="UTF-8"?>
<!--
Copyright 2015 IBM Corp.

Licensed under the Apache License, Version 2.0 (the "License");
you may not use this file except in compliance with the License.
You may obtain a copy of the License at

http://www.apache.org/licenses/LICENSE-2.0

Unless required by applicable law or agreed to in writing, software
distributed under the License is distributed on an "AS IS" BASIS,
WITHOUT WARRANTIES OR CONDITIONS OF ANY KIND, either express or implied.
See the License for the specific language governing permissions and
limitations under the License.
-->
<mfp:adapter name="Worklist"
	xmlns:xsi="http://www.w3.org/2001/XMLSchema-instance"
	xmlns:mfp="http://www.ibm.com/mfp/integration"
	xmlns:http="http://www.ibm.com/mfp/integration/http">

	<displayName>Worklist</displayName>
	<description>Simple adapter that allows operations on a workitem object</description>

	<JAXRSApplicationClass>com.ibm.worklist.WorklistApplication</JAXRSApplicationClass>

	<property name="account" displayName="Cloudant URL" defaultValue=""  />
	<property name="key" displayName="Cloudant Username" defaultValue=""  />
	<property name="password" displayName="Cloudant password" defaultValue=""  />
	<property name="DBName" displayName="Cloudant DB name" defaultValue=""/>

</mfp:adapter>
